,date,unrate,u_men,u_women,u16_17,u18_19,u20_24,u25_34,u35_44,u45_54
0,1948-01-01,4.0,4.2,3.5,10.8,9.6,6.6,3.6,2.6,2.7
1,1948-02-01,4.7,4.7,4.8,15.0,9.5,8.0,4.0,3.2,3.4
2,1948-03-01,4.5,4.5,4.4,13.2,9.3,8.6,3.5,3.2,2.9
3,1948-04-01,4.0,4.0,4.1,9.9,8.1,6.8,3.5,3.1,2.9
4,1948-05-01,3.4,3.3,3.4,6.4,7.2,6.3,2.8,2.5,2.3
5,1948-06-01,3.9,3.4,5.0,17.7,9.8,6.3,2.7,2.2,2.3
6,1948-07-01,3.9,3.5,4.8,12.2,10.1,6.4,3.0,2.5,2.4
7,1948-08-01,3.6,3.3,4.5,7.1,8.9,5.2,3.5,2.6,2.6
8,1948-09-01,3.4,3.1,4.0,7.6,7.6,4.9,3.1,2.4,2.8
9,1948-10-01,2.9,2.6,3.4,5.7,6.3,4.6,2.6,2.1,2.1
10,1948-11-01,3.3,3.1,3.8,6.7,8.4,4.6,3.3,2.2,2.3
11,1948-12-01,3.6,3.6,3.7,6.5,8.0,5.6,2.9,2.5,3.2
12,1949-01-01,5.0,5.2,4.6,10.9,12.1,7.6,4.6,3.7,3.9
13,1949-02-01,5.8,6.0,5.2,14.1,10.9,9.6,4.9,4.4,4.4
14,1949-03-01,5.6,6.0,4.7,13.2,11.7,8.9,5.0,4.3,4.0
15,1949-04-01,5.4,5.5,5.3,12.0,12.0,8.1,5.0,4.1,4.2
16,1949-05-01,5.7,5.8,5.7,13.7,12.7,9.1,5.2,4.2,4.1
17,1949-06-01,6.4,6.2,6.9,21.0,17.6,10.1,5.6,3.8,3.8
18,1949-07-01,7.0,6.8,7.5,16.6,15.5,11.2,6.3,5.0,4.5
19,1949-08-01,6.3,6.1,6.9,12.6,12.7,10.4,5.7,4.7,4.5
20,1949-09-01,5.9,5.5,6.7,11.8,13.8,9.2,5.2,4.6,4.0
21,1949-10-01,6.1,6.2,5.9,12.7,11.1,9.9,6.3,4.8,4.5
22,1949-11-01,5.7,5.5,6.2,11.4,12.4,8.5,5.4,4.6,4.3
23,1949-12-01,6.0,6.1,5.9,14.5,13.2,8.4,5.6,4.6,4.8
24,1950-01-01,7.6,7.8,7.3,19.9,16.3,11.6,7.2,5.0,6.4
25,1950-02-01,7.9,8.1,7.4,17.5,17.2,12.2,7.1,5.5,6.5
26,1950-03-01,7.1,7.2,6.7,15.2,14.1,10.2,6.8,5.5,5.5
27,1950-04-01,6.0,6.2,5.3,12.2,10.2,8.4,5.5,4.7,5.0
28,1950-05-01,5.3,5.2,5.5,15.6,11.4,7.6,5.0,3.9,3.9
29,1950-06-01,5.6,5.1,6.7,19.7,15.5,8.1,4.6,3.2,3.8
30,1950-07-01,5.3,4.9,6.2,14.7,11.1,7.5,4.9,3.7,3.9
31,1950-08-01,4.1,3.8,4.8,9.1,8.6,6.0,3.8,3.0,3.3
32,1950-09-01,4.0,3.5,5.0,10.6,8.8,6.6,3.3,2.9,3.0
33,1950-10-01,3.3,2.9,4.2,8.4,7.1,4.2,2.7,2.5,2.8
34,1950-11-01,3.8,3.1,5.2,9.2,7.5,4.9,3.7,2.8,3.0
35,1950-12-01,3.9,3.6,4.5,12.8,7.6,4.6,3.5,3.0,3.0
36,1951-01-01,4.4,4.1,5.0,11.0,8.8,5.0,3.8,3.7,3.4
37,1951-02-01,4.2,3.9,4.8,10.0,8.8,4.9,3.9,3.1,3.1
38,1951-03-01,3.8,3.2,5.0,10.0,7.2,4.9,3.7,2.8,2.8
39,1951-04-01,3.2,2.7,4.3,8.2,6.6,4.1,2.7,2.4,2.8
40,1951-05-01,2.9,2.3,4.0,7.6,5.7,3.5,2.5,2.2,2.6
41,1951-06-01,3.4,2.8,4.8,13.9,10.8,4.3,2.5,2.1,2.7
42,1951-07-01,3.3,2.8,4.3,11.8,7.9,4.3,2.6,2.3,2.5
43,1951-08-01,2.9,2.4,3.9,8.5,5.2,3.3,2.7,2.3,2.7
44,1951-09-01,3.0,2.4,4.5,7.5,7.2,3.8,2.9,2.3,2.8
45,1951-10-01,2.8,2.3,3.9,6.1,5.4,3.8,2.5,2.2,2.2
46,1951-11-01,3.2,2.6,4.5,10.7,6.3,4.1,2.9,2.6,2.4
47,1951-12-01,2.9,2.5,3.7,8.6,5.5,3.4,2.8,2.2,2.5
48,1952-01-01,3.7,3.5,4.2,11.9,9.7,4.8,3.4,2.8,3.0
49,1952-02-01,3.8,3.7,4.2,12.0,7.9,5.4,3.5,3.2,2.9
50,1952-03-01,3.3,3.2,3.5,9.5,7.4,4.9,2.6,2.5,2.8
51,1952-04-01,3.0,2.8,3.5,7.9,6.2,4.6,2.7,2.4,2.3
52,1952-05-01,2.9,2.5,3.8,11.5,6.6,4.1,2.4,2.0,2.2
53,1952-06-01,3.2,2.9,4.0,14.0,10.5,4.6,2.2,2.0,2.5
54,1952-07-01,3.3,3.0,4.0,10.9,8.3,4.8,2.7,2.5,2.2
55,1952-08-01,3.1,2.7,3.8,7.6,6.3,4.7,2.7,2.5,2.3
56,1952-09-01,2.7,2.5,3.3,8.0,7.5,5.0,2.6,1.7,1.9
57,1952-10-01,2.4,1.9,3.3,7.6,5.4,4.1,2.1,1.9,1.7
58,1952-11-01,2.5,2.1,3.4,9.0,5.5,3.7,2.4,2.0,1.9
59,1952-12-01,2.5,2.4,2.7,9.3,5.3,4.4,2.1,1.7,1.8
60,1953-01-01,3.4,3.5,3.3,10.2,5.9,4.6,3.3,2.6,2.9
61,1953-02-01,3.2,3.2,3.2,8.0,7.6,4.4,2.9,2.1,2.6
62,1953-03-01,2.9,2.8,3.3,7.9,6.0,4.8,2.3,2.4,2.2
63,1953-04-01,2.8,2.8,2.9,6.9,5.9,4.7,2.4,2.3,2.2
64,1953-05-01,2.5,2.4,2.6,7.6,5.5,3.5,2.3,1.8,2.2
65,1953-06-01,2.7,2.5,3.2,10.9,9.9,4.5,2.0,1.6,1.9
66,1953-07-01,2.7,2.5,3.0,9.0,7.0,3.7,2.0,2.1,1.7
67,1953-08-01,2.4,2.1,2.9,6.4,5.4,4.8,2.0,1.8,1.5
68,1953-09-01,2.6,2.2,3.4,7.1,5.8,4.4,2.2,1.8,2.3
69,1953-10-01,2.5,2.2,3.1,9.7,5.9,3.6,2.3,2.0,2.0
70,1953-11-01,3.2,2.9,3.8,8.8,6.7,5.3,3.1,2.3,2.5
71,1953-12-01,4.2,4.1,4.5,11.5,10.1,8.0,3.7,3.1,3.4
72,1954-01-01,5.7,5.4,6.4,12.8,10.2,10.0,5.1,4.6,4.8
73,1954-02-01,6.3,6.3,6.3,16.3,13.5,11.1,6.0,4.9,4.9
74,1954-03-01,6.4,6.3,6.5,14.3,11.2,10.6,6.5,4.9,5.0
75,1954-04-01,6.1,5.9,6.3,12.4,10.1,10.2,5.7,4.8,5.3
76,1954-05-01,5.7,5.5,6.3,13.1,12.9,8.9,5.6,4.7,4.7
77,1954-06-01,5.7,5.3,6.7,16.7,13.6,9.4,5.1,4.4,4.5
78,1954-07-01,5.7,5.5,6.4,14.5,11.9,9.1,5.3,4.6,4.1
79,1954-08-01,5.4,5.1,6.2,12.0,10.4,8.4,5.5,4.4,4.2
80,1954-09-01,5.3,4.9,6.3,13.1,9.7,9.1,5.3,4.8,3.9
81,1954-10-01,4.6,4.4,5.0,10.6,6.7,7.4,4.8,3.7,3.5
82,1954-11-01,4.9,4.5,5.6,10.7,8.9,8.6,4.5,3.8,3.9
83,1954-12-01,4.8,4.9,4.6,13.6,9.5,7.9,4.0,3.9,3.9
84,1955-01-01,5.8,5.9,5.7,13.0,12.7,9.5,4.9,5.0,4.6
85,1955-02-01,5.7,5.8,5.3,11.7,13.2,9.0,5.3,4.8,4.2
86,1955-03-01,5.2,5.4,4.8,10.7,11.4,8.1,5.2,4.4,3.8
87,1955-04-01,4.9,5.1,4.7,9.7,9.8,7.5,5.0,4.0,4.2
88,1955-05-01,4.2,3.9,4.8,12.1,10.7,6.9,3.3,3.4,3.1
89,1955-06-01,4.4,4.0,5.2,18.7,13.3,7.8,3.1,2.8,3.0
90,1955-07-01,4.0,3.7,4.7,14.3,8.3,7.0,3.1,2.8,2.9
91,1955-08-01,3.8,3.3,4.9,11.3,7.5,6.1,3.2,2.6,3.0
92,1955-09-01,3.5,2.9,4.8,9.8,9.5,6.1,3.4,2.5,2.3
93,1955-10-01,3.4,3.0,4.4,9.6,7.9,5.1,2.9,2.5,2.8
94,1955-11-01,3.8,3.3,4.9,11.1,9.9,5.3,3.2,2.9,3.2
95,1955-12-01,3.9,3.8,4.3,12.8,7.8,5.9,3.4,2.9,3.3
96,1956-01-01,4.7,4.6,4.9,12.3,10.7,7.4,4.4,3.8,3.5
97,1956-02-01,4.8,4.9,4.6,12.5,12.7,6.8,4.2,3.3,4.5
98,1956-03-01,4.7,4.6,5.1,10.7,11.9,7.9,4.5,3.4,4.2
99,1956-04-01,4.1,3.9,4.7,10.7,9.5,6.9,3.4,3.1,3.4
100,1956-05-01,4.2,3.8,5.0,15.1,10.4,6.7,3.6,2.9,3.2
101,1956-06-01,4.7,4.1,6.0,22.3,14.1,7.5,3.8,2.8,2.4
102,1956-07-01,4.4,3.7,5.9,12.3,11.6,7.1,4.0,3.2,2.9
103,1956-08-01,3.7,3.1,4.8,8.0,8.3,6.1,3.3,3.0,2.7
104,1956-09-01,3.4,2.9,4.4,9.2,7.6,5.3,3.4,2.6,2.6
105,1956-10-01,3.1,2.7,4.0,9.4,6.9,5.4,2.8,2.3,2.4
106,1956-11-01,3.9,3.4,4.8,12.6,10.1,5.8,3.4,2.8,3.2
107,1956-12-01,4.0,4.0,4.1,8.8,8.5,7.0,3.5,3.1,3.3
108,1957-01-01,4.9,4.8,5.2,13.3,11.6,8.1,4.4,3.9,4.1
109,1957-02-01,4.7,4.7,4.8,11.1,11.8,8.4,4.2,3.4,3.8
110,1957-03-01,4.3,4.3,4.3,12.3,10.9,6.7,3.8,3.2,3.4
111,1957-04-01,4.0,3.9,4.0,10.5,10.2,6.7,3.7,3.1,2.9
112,1957-05-01,3.9,3.6,4.7,12.3,12.0,6.4,3.7,2.6,2.8
113,1957-06-01,4.6,4.1,5.6,18.8,16.0,7.8,3.6,2.8,2.8
114,1957-07-01,4.1,3.7,5.1,13.9,11.0,6.2,3.8,2.8,2.7
115,1957-08-01,3.7,3.3,4.6,9.6,9.0,6.5,3.5,2.6,2.8
116,1957-09-01,3.7,3.4,4.4,10.0,9.0,5.8,3.6,3.0,2.9
117,1957-10-01,3.6,3.5,4.0,9.5,8.0,5.8,3.3,3.0,3.0
118,1957-11-01,4.6,4.4,5.1,13.7,10.6,8.1,4.1,3.5,3.9
119,1957-12-01,5.0,5.3,4.4,12.6,10.9,8.3,4.8,3.9,4.0
120,1958-01-01,6.8,7.0,6.3,13.4,16.2,11.8,6.9,5.6,5.1
121,1958-02-01,7.7,8.0,7.1,14.7,16.5,13.1,7.9,6.8,5.8
122,1958-03-01,7.7,8.2,6.7,14.5,15.6,13.4,8.1,6.5,5.9
123,1958-04-01,7.5,7.6,7.3,17.6,15.0,12.9,7.6,6.1,6.1
124,1958-05-01,7.1,7.1,7.2,19.6,15.3,11.6,7.4,5.7,5.5
125,1958-06-01,7.6,7.3,8.2,24.3,20.6,12.6,7.3,5.3,5.4
126,1958-07-01,7.4,7.2,7.8,19.7,17.7,12.2,7.2,5.5,5.3
127,1958-08-01,6.7,6.5,7.2,11.6,14.1,10.7,6.6,5.4,5.4
128,1958-09-01,6.0,5.7,6.7,14.7,15.7,9.1,5.8,4.8,4.5
129,1958-10-01,5.5,5.3,5.9,13.8,12.5,8.8,5.2,4.3,4.3
130,1958-11-01,5.6,5.5,5.9,14.7,14.0,8.4,5.4,4.3,4.1
131,1958-12-01,6.0,6.4,5.4,14.8,12.4,9.8,5.8,4.9,4.4
132,1959-01-01,7.0,7.2,6.6,14.4,14.8,11.7,7.1,5.8,5.4
133,1959-02-01,7.0,7.3,6.4,13.2,14.5,11.9,7.1,5.8,5.4
134,1959-03-01,6.4,6.5,6.2,14.5,13.7,11.1,6.2,4.9,4.9
135,1959-04-01,5.2,5.0,5.8,15.7,13.1,7.8,4.6,4.0,4.3
136,1959-05-01,4.9,4.5,5.7,17.3,13.3,6.7,4.5,3.5,3.7
137,1959-06-01,5.4,4.8,6.6,21.9,18.7,8.6,4.2,3.5,3.5
138,1959-07-01,5.2,4.7,6.1,16.4,13.6,7.7,4.2,3.6,3.7
139,1959-08-01,4.8,4.5,5.6,12.5,13.5,7.0,4.2,3.8,3.7
140,1959-09-01,4.7,4.3,5.3,12.7,12.7,7.1,4.4,3.6,3.5
141,1959-10-01,4.7,4.3,5.4,13.1,12.9,6.9,4.3,3.4,3.9
142,1959-11-01,5.3,5.1,5.7,14.5,13.3,7.8,4.7,4.5,4.2
143,1959-12-01,5.1,5.2,5.1,13.8,13.8,7.8,4.8,3.7,3.9
144,1960-01-01,6.1,6.1,6.0,16.0,14.4,9.7,5.7,4.8,4.7
145,1960-02-01,5.7,5.8,5.6,12.9,14.2,9.7,5.4,4.4,4.3
146,1960-03-01,6.1,6.3,5.8,15.3,16.5,10.1,5.7,4.6,4.7
147,1960-04-01,5.2,5.2,5.3,14.8,12.8,8.5,5.0,3.8,3.9
148,1960-05-01,4.8,4.6,5.3,18.6,11.8,7.8,4.2,3.6,3.7
149,1960-06-01,5.8,5.3,6.8,24.1,18.3,8.8,4.7,3.6,3.4
150,1960-07-01,5.5,5.1,6.2,14.2,14.1,8.6,5.3,3.8,3.7
151,1960-08-01,5.2,5.0,5.8,12.1,12.6,7.9,5.3,3.9,3.8
152,1960-09-01,4.7,4.4,5.4,13.6,11.8,7.0,4.9,3.6,3.5
153,1960-10-01,5.0,4.7,5.7,13.1,13.5,7.1,4.9,3.9,4.1
154,1960-11-01,5.6,5.3,6.3,13.3,13.8,9.1,5.6,4.5,4.3
155,1960-12-01,6.4,6.6,6.1,14.7,14.8,10.3,6.3,5.1,5.4
156,1961-01-01,7.7,8.0,7.2,18.5,16.7,11.8,7.7,6.3,6.2
157,1961-02-01,8.1,8.3,7.7,17.4,18.4,12.5,8.4,6.7,6.6
158,1961-03-01,7.7,7.9,7.4,17.1,17.7,12.7,7.3,6.4,6.0
159,1961-04-01,7.0,6.9,7.1,17.7,15.3,12.7,6.2,5.4,5.4
160,1961-05-01,6.6,6.4,7.1,19.7,15.1,10.2,6.3,5.2,5.2
161,1961-06-01,7.3,6.6,8.8,26.5,21.5,11.3,5.9,5.0,4.8
162,1961-07-01,6.9,6.2,8.2,19.6,15.7,10.5,6.1,4.8,5.0
163,1961-08-01,6.2,5.8,7.1,13.7,13.8,9.2,5.8,5.0,4.2
164,1961-09-01,5.8,5.1,7.1,16.3,15.4,8.3,5.2,4.4,4.1
165,1961-10-01,5.5,4.9,6.6,15.1,13.7,8.4,5.1,4.2,3.8
166,1961-11-01,5.6,5.2,6.5,18.0,13.2,8.2,5.4,4.2,4.1
167,1961-12-01,5.8,5.9,5.5,15.7,12.5,9.2,5.2,4.6,4.4
168,1962-01-01,6.7,6.6,7.0,16.2,16.0,10.8,6.6,5.4,4.9
169,1962-02-01,6.5,6.5,6.4,17.1,15.8,10.0,6.0,5.3,5.2
170,1962-03-01,6.2,6.2,6.2,16.4,14.5,10.5,5.9,4.9,4.8
171,1962-04-01,5.5,5.4,5.9,16.0,14.4,8.3,5.1,4.5,4.4
172,1962-05-01,5.1,4.8,5.7,19.6,12.7,7.8,4.6,3.5,3.9
173,1962-06-01,5.9,5.3,6.9,25.8,15.6,9.1,4.5,4.0,3.6
174,1962-07-01,5.3,4.8,6.5,15.5,12.8,9.1,4.6,3.9,3.5
175,1962-08-01,5.3,4.8,6.5,11.0,11.4,9.8,5.0,4.1,3.5
176,1962-09-01,4.9,4.2,6.1,11.7,13.0,8.2,4.6,3.5,3.5
177,1962-10-01,4.5,4.0,5.7,12.1,12.1,7.8,4.2,3.3,2.8
178,1962-11-01,5.3,4.8,6.2,16.8,14.5,8.2,4.5,3.8,3.7
179,1962-12-01,5.3,5.4,5.3,14.2,11.8,8.4,5.2,3.7,4.3
180,1963-01-01,6.6,6.6,6.7,15.0,16.1,10.2,6.7,5.1,5.4
181,1963-02-01,6.9,7.0,6.7,19.5,16.7,10.1,7.2,5.6,4.8
182,1963-03-01,6.3,6.4,6.1,19.7,15.6,9.7,6.1,4.9,4.6
183,1963-04-01,5.6,5.5,5.9,20.1,14.9,8.6,5.0,4.1,4.2
184,1963-05-01,5.5,5.0,6.4,25.1,17.3,7.7,4.8,3.4,3.9
185,1963-06-01,6.2,5.3,7.9,29.9,20.4,9.6,4.5,3.5,3.3
186,1963-07-01,5.6,4.9,7.0,20.2,16.3,8.8,4.5,3.6,3.5
187,1963-08-01,5.2,4.5,6.5,12.6,12.6,8.6,4.9,3.6,3.6
188,1963-09-01,4.8,4.0,6.4,15.6,14.9,8.2,4.6,3.0,3.3
189,1963-10-01,4.7,3.9,6.1,15.4,13.8,8.2,4.2,3.3,3.0
190,1963-11-01,5.3,4.7,6.5,18.8,15.4,8.1,5.1,4.0,3.2
191,1963-12-01,5.3,5.2,5.4,17.0,12.8,8.1,5.1,4.1,3.3
192,1964-01-01,6.4,6.1,6.8,17.2,16.1,10.5,6.0,4.7,4.7
193,1964-02-01,6.2,5.9,6.8,16.5,15.0,10.4,5.7,4.9,4.3
194,1964-03-01,5.9,5.6,6.4,18.3,14.9,9.5,5.1,4.4,4.2
195,1964-04-01,5.3,4.8,6.1,20.0,15.3,8.1,4.2,3.9,3.8
196,1964-05-01,4.8,4.2,6.0,22.2,15.3,7.6,3.6,3.0,3.1
197,1964-06-01,5.9,5.1,7.6,28.1,20.2,9.3,4.1,3.0,3.2
198,1964-07-01,4.9,4.2,6.3,15.9,13.5,7.9,3.8,3.1,3.3
199,1964-08-01,4.8,4.1,6.2,12.8,12.9,7.8,4.0,3.2,3.2
200,1964-09-01,4.5,3.7,5.9,13.3,13.9,7.3,3.8,3.1,2.8
201,1964-10-01,4.4,3.6,5.7,13.7,13.1,7.5,3.5,3.1,2.9
202,1964-11-01,4.5,3.8,5.8,15.5,14.5,7.0,3.8,3.4,3.0
203,1964-12-01,4.7,4.4,5.1,16.6,13.8,6.9,4.3,3.5,3.1
204,1965-01-01,5.5,5.2,5.9,17.6,15.6,8.5,5.1,4.3,3.7
205,1965-02-01,5.7,5.3,6.5,17.0,15.5,8.6,5.5,4.5,3.9
206,1965-03-01,5.1,4.7,5.6,16.8,14.3,7.8,4.5,3.8,3.5
207,1965-04-01,4.7,4.3,5.6,18.3,15.5,7.0,3.8,3.5,2.7
208,1965-05-01,4.3,3.8,5.2,20.2,14.5,6.5,3.1,3.1,2.6
209,1965-06-01,5.3,4.4,7.1,25.1,20.1,8.1,3.1,3.1,2.5
210,1965-07-01,4.5,3.9,5.7,16.4,12.9,6.4,3.5,2.7,2.6
211,1965-08-01,4.2,3.5,5.4,11.1,10.2,6.3,3.4,3.1,2.7
212,1965-09-01,3.8,3.1,5.2,13.8,12.1,5.3,3.4,2.8,2.3
213,1965-10-01,3.6,3.0,4.8,12.6,11.9,5.2,2.9,2.7,2.2
214,1965-11-01,3.9,3.1,5.3,15.0,11.0,5.9,2.9,2.8,2.4
215,1965-12-01,3.7,3.5,4.2,14.1,10.1,5.2,3.2,2.7,2.4
216,1966-01-01,4.4,4.1,5.0,13.6,12.1,6.2,4.2,3.3,2.8
217,1966-02-01,4.2,3.9,4.7,12.7,11.0,5.8,3.7,3.2,2.9
218,1966-03-01,4.0,3.8,4.5,16.1,10.5,5.8,3.7,2.7,2.6
219,1966-04-01,3.6,3.1,4.6,16.1,11.7,5.0,3.0,2.5,2.2
220,1966-05-01,3.7,3.0,5.0,21.1,12.1,5.0,2.7,2.0,2.1
221,1966-06-01,4.6,3.7,6.4,23.3,16.6,6.4,2.8,2.2,2.1
222,1966-07-01,3.9,3.2,5.2,14.8,11.7,4.6,3.1,2.3,2.2
223,1966-08-01,3.6,2.8,5.1,9.8,9.1,5.4,3.1,2.6,2.2
224,1966-09-01,3.3,2.5,4.6,12.0,10.6,4.9,2.8,2.3,2.0
225,1966-10-01,3.2,2.4,4.7,11.6,10.1,4.8,2.5,2.4,2.0
226,1966-11-01,3.4,2.7,4.5,12.6,10.5,4.7,2.4,2.6,2.1
227,1966-12-01,3.5,3.2,4.0,12.2,9.4,5.1,2.7,2.4,2.5
228,1967-01-01,4.2,3.6,5.3,13.3,10.6,6.4,3.7,2.9,2.8
229,1967-02-01,4.2,3.6,5.2,15.9,11.5,5.8,3.8,3.0,3.0
230,1967-03-01,3.9,3.4,4.8,13.4,9.9,5.8,3.3,2.9,2.8
231,1967-04-01,3.5,3.0,4.4,12.7,9.3,4.9,2.9,2.6,2.3
232,1967-05-01,3.2,2.7,4.2,11.7,9.4,4.7,2.8,2.1,2.2
233,1967-06-01,4.6,3.6,6.3,20.4,16.2,6.7,3.0,2.4,2.5
234,1967-07-01,4.1,3.2,5.7,15.7,12.2,6.0,3.2,2.3,2.2
235,1967-08-01,3.7,2.8,5.3,11.3,10.7,5.4,3.1,2.4,2.1
236,1967-09-01,3.7,2.5,5.9,14.0,11.9,6.3,3.3,2.5,2.1
237,1967-10-01,3.8,2.7,5.6,14.3,12.9,5.8,3.2,2.6,2.2
238,1967-11-01,3.7,2.9,5.1,16.5,12.3,5.2,3.0,2.3,2.2
239,1967-12-01,3.5,3.0,4.3,14.3,10.2,5.1,3.0,2.3,2.0
240,1968-01-01,4.0,3.5,4.9,13.5,10.8,6.5,3.4,3.1,2.5
241,1968-02-01,4.2,3.7,5.1,15.5,11.7,7.2,3.7,3.0,2.4
242,1968-03-01,3.8,3.3,4.6,15.0,10.6,6.3,3.1,2.7,2.1
243,1968-04-01,3.2,2.6,4.2,12.2,9.3,5.0,2.6,2.3,2.2
244,1968-05-01,2.9,2.3,4.0,12.2,8.7,4.9,2.5,1.8,1.6
245,1968-06-01,4.5,3.5,6.2,22.2,16.8,7.6,2.6,1.9,1.6
246,1968-07-01,4.0,3.0,5.7,17.0,12.5,5.4,3.0,2.0,1.8
247,1968-08-01,3.5,2.6,5.0,10.1,9.7,6.0,2.9,2.1,1.8
248,1968-09-01,3.3,2.3,5.0,13.1,11.2,5.6,2.6,2.1,1.9
249,1968-10-01,3.2,2.4,4.5,12.8,10.8,5.6,2.6,1.9,1.7
250,1968-11-01,3.3,2.5,4.5,14.7,10.9,5.3,2.4,2.0,1.7
251,1968-12-01,3.1,2.6,3.8,14.4,9.7,4.6,2.5,1.7,1.7
252,1969-01-01,3.7,3.2,4.5,13.1,11.3,6.0,3.1,2.4,2.4
253,1969-02-01,3.7,3.1,4.6,13.3,11.5,6.3,3.0,2.5,2.1
254,1969-03-01,3.5,3.0,4.3,14.1,10.7,5.7,2.8,2.2,2.0
255,1969-04-01,3.2,2.5,4.3,12.6,9.5,5.1,2.6,2.1,1.9
256,1969-05-01,2.9,2.2,4.0,11.6,9.0,4.8,2.3,2.0,1.8
257,1969-06-01,4.1,3.1,5.9,19.9,14.5,6.5,2.7,2.0,1.6
258,1969-07-01,3.8,3.1,5.1,16.3,11.1,5.7,2.7,2.1,1.8
259,1969-08-01,3.5,2.5,5.1,11.8,8.6,5.4,3.0,2.3,1.8
260,1969-09-01,3.7,2.6,5.3,15.3,10.7,6.3,3.0,2.4,1.8
261,1969-10-01,3.5,2.6,4.9,14.7,10.5,5.9,2.8,2.0,1.9
262,1969-11-01,3.3,2.7,4.4,15.3,9.3,5.3,2.8,2.0,1.7
263,1969-12-01,3.2,2.9,3.7,13.4,9.0,5.0,2.6,1.9,1.9
264,1970-01-01,4.2,3.9,4.8,15.9,12.0,6.9,3.8,2.7,2.5
265,1970-02-01,4.7,4.3,5.2,15.5,12.3,8.5,4.1,3.1,2.7
266,1970-03-01,4.6,4.1,5.3,15.7,11.5,7.2,3.8,3.3,3.0
267,1970-04-01,4.3,3.9,5.0,16.0,11.6,6.9,3.8,2.8,2.6
268,1970-05-01,4.1,3.6,5.0,13.0,10.7,7.1,3.6,2.7,2.5
269,1970-06-01,5.6,4.8,6.8,23.1,18.7,9.0,4.0,2.8,2.4
270,1970-07-01,5.3,4.7,6.4,17.0,14.2,8.5,4.4,2.9,3.0
271,1970-08-01,5.0,4.2,6.4,13.1,12.8,8.2,4.6,3.3,2.9
272,1970-09-01,5.2,4.2,6.8,18.7,14.7,9.3,4.3,3.2,2.9
273,1970-10-01,5.1,4.4,6.3,18.1,15.1,8.6,4.3,3.5,2.8
274,1970-11-01,5.5,4.8,6.7,19.5,16.6,9.0,4.7,3.5,3.1
275,1970-12-01,5.6,5.4,5.8,18.9,14.5,8.6,5.1,4.0,3.1
276,1971-01-01,6.6,6.4,6.8,19.2,16.8,10.8,6.2,4.6,3.8
277,1971-02-01,6.6,6.4,6.9,17.3,16.8,11.4,6.1,4.6,3.9
278,1971-03-01,6.3,5.9,6.8,18.8,16.3,10.5,5.9,4.0,3.9
279,1971-04-01,5.7,5.1,6.5,17.1,13.9,9.4,5.0,3.8,3.6
280,1971-05-01,5.3,4.8,6.2,15.6,13.4,9.8,4.6,3.3,3.1
281,1971-06-01,6.5,5.6,7.9,25.4,19.1,11.6,4.6,3.4,2.9
282,1971-07-01,6.2,5.4,7.6,20.0,15.7,9.7,5.1,3.8,3.3
283,1971-08-01,5.9,5.0,7.5,15.1,13.2,9.8,5.3,4.2,3.4
284,1971-09-01,5.8,4.7,7.5,18.2,16.2,9.7,5.3,3.8,3.4
285,1971-10-01,5.4,4.6,6.7,18.8,14.6,8.9,4.9,3.8,3.0
286,1971-11-01,5.7,5.0,6.8,19.2,15.7,9.5,5.2,3.5,3.0
287,1971-12-01,5.5,5.4,5.8,18.2,14.6,8.6,5.0,3.6,3.3
288,1972-01-01,6.5,6.3,6.8,18.5,17.6,11.0,5.9,4.2,3.7
289,1972-02-01,6.4,6.3,6.5,21.1,17.6,10.5,5.7,4.0,3.7
290,1972-03-01,6.1,5.9,6.5,20.8,15.5,10.3,4.8,4.2,3.6
291,1972-04-01,5.5,5.1,6.2,18.0,13.7,9.2,4.6,3.6,3.1
292,1972-05-01,5.1,4.6,6.0,13.7,12.3,9.0,4.4,3.4,2.9
293,1972-06-01,6.2,5.2,7.8,22.7,17.4,10.1,4.4,3.3,2.8
294,1972-07-01,5.9,4.8,7.5,18.0,14.3,9.7,4.5,3.5,2.9
295,1972-08-01,5.5,4.5,7.2,16.0,12.3,8.9,4.6,3.6,2.9
296,1972-09-01,5.4,4.2,7.3,19.7,14.4,9.2,4.6,3.4,2.6
297,1972-10-01,5.1,4.2,6.6,17.4,13.3,8.9,4.2,3.3,2.7
298,1972-11-01,4.9,4.2,6.0,19.1,13.6,7.9,4.0,3.0,2.6
299,1972-12-01,4.8,4.4,5.3,16.9,13.3,7.4,4.0,2.7,2.5
300,1973-01-01,5.5,5.0,6.3,17.1,13.2,9.1,5.2,3.4,3.1
301,1973-02-01,5.6,5.2,6.3,18.8,14.2,9.0,4.9,3.4,3.5
302,1973-03-01,5.2,4.8,5.9,17.7,12.2,8.3,4.7,3.2,3.1
303,1973-04-01,4.8,4.3,5.6,18.2,11.3,7.7,4.0,2.8,3.0
304,1973-05-01,4.4,3.9,5.2,14.9,11.0,7.5,4.1,2.5,2.1
305,1973-06-01,5.4,4.4,6.9,22.8,13.6,8.7,4.1,2.5,2.2
306,1973-07-01,5.0,4.1,6.5,17.2,12.8,8.1,4.1,2.4,2.1
307,1973-08-01,4.7,3.7,6.3,13.1,11.1,7.7,4.4,2.5,2.2
308,1973-09-01,4.7,3.5,6.5,17.4,12.9,8.1,4.1,2.7,2.0
309,1973-10-01,4.2,3.4,5.5,16.1,11.6,6.5,3.7,2.3,2.1
310,1973-11-01,4.6,3.8,5.7,18.1,12.6,6.7,3.9,2.5,2.3
311,1973-12-01,4.6,4.1,5.3,15.9,12.3,6.8,4.0,2.7,2.5
312,1974-01-01,5.7,5.1,6.5,18.8,14.0,9.4,5.1,3.3,3.1
313,1974-02-01,5.8,5.4,6.4,18.6,13.8,9.6,5.1,3.5,3.3
314,1974-03-01,5.3,4.9,6.0,18.6,12.9,8.5,4.7,3.1,3.1
315,1974-04-01,4.8,4.5,5.4,15.3,11.4,7.7,4.5,3.1,2.8
316,1974-05-01,4.6,4.0,5.7,14.9,12.1,8.2,3.8,2.8,2.3
317,1974-06-01,5.8,4.9,7.3,23.8,16.3,9.3,4.0,2.9,2.3
318,1974-07-01,5.7,4.7,7.2,18.9,14.9,8.9,4.5,3.0,2.4
319,1974-08-01,5.3,4.4,6.8,13.6,12.2,9.4,4.6,3.2,2.4
320,1974-09-01,5.7,4.5,7.6,18.3,16.5,9.5,4.7,3.4,2.9
321,1974-10-01,5.5,4.6,6.9,17.9,15.1,8.5,5.0,3.4,2.8
322,1974-11-01,6.2,5.3,7.6,20.3,16.0,9.6,5.6,3.9,3.5
323,1974-12-01,6.7,6.3,7.3,20.2,15.5,10.4,6.1,4.4,3.9
324,1975-01-01,9.0,8.5,9.7,22.4,20.7,13.9,8.6,6.3,5.8
325,1975-02-01,9.1,8.9,9.5,22.8,19.5,14.9,8.6,6.4,5.7
326,1975-03-01,9.1,8.9,9.5,22.8,19.5,14.8,8.6,6.4,5.9
327,1975-04-01,8.6,8.3,8.9,20.5,17.9,14.0,7.8,6.3,5.4
328,1975-05-01,8.3,7.8,9.1,19.1,18.4,14.1,7.6,5.5,5.3
329,1975-06-01,9.1,8.4,10.1,26.2,21.6,14.0,8.0,5.4,5.1
330,1975-07-01,8.7,8.0,9.7,20.8,18.8,13.7,8.0,5.0,5.0
331,1975-08-01,8.2,7.2,9.6,18.4,17.3,13.0,7.6,5.3,5.0
332,1975-09-01,8.1,7.1,9.6,21.7,18.6,13.6,7.5,5.2,4.9
333,1975-10-01,7.8,6.9,9.0,21.1,17.6,12.4,6.9,5.3,4.9
334,1975-11-01,7.8,7.2,8.6,20.5,18.0,12.6,7.0,5.3,4.7
335,1975-12-01,7.8,7.5,8.2,19.8,18.7,11.8,7.0,5.2,4.9
336,1976-01-01,8.8,8.5,9.3,22.6,20.7,14.3,8.2,5.7,5.3
337,1976-02-01,8.7,8.4,9.1,23.1,18.9,13.7,8.2,5.8,5.2
338,1976-03-01,8.1,7.8,8.5,21.1,19.0,12.9,7.2,5.1,5.0
339,1976-04-01,7.4,7.0,7.9,20.3,17.3,11.6,6.4,4.9,4.5
340,1976-05-01,6.8,6.3,7.4,19.5,15.0,11.0,6.2,4.2,3.8
341,1976-06-01,8.0,7.2,9.1,26.3,18.0,12.4,6.7,4.5,3.9
342,1976-07-01,7.8,6.9,9.2,20.1,15.8,11.3,7.3,4.9,4.4
343,1976-08-01,7.6,6.3,9.4,18.1,16.1,11.6,7.3,4.8,4.1
344,1976-09-01,7.4,6.2,9.2,20.2,18.2,11.4,7.1,4.9,4.1
345,1976-10-01,7.2,6.2,8.6,20.4,16.7,11.4,6.7,4.7,4.0
346,1976-11-01,7.4,6.8,8.3,21.8,17.3,11.5,6.8,4.6,4.4
347,1976-12-01,7.4,7.1,7.7,19.6,17.5,11.2,6.8,4.8,4.8
348,1977-01-01,8.3,7.9,8.8,22.7,19.2,12.9,7.9,5.2,5.2
349,1977-02-01,8.5,8.3,8.8,21.5,18.8,13.7,7.9,5.4,5.1
350,1977-03-01,7.9,7.5,8.5,23.2,17.1,12.3,7.2,5.0,4.9
351,1977-04-01,6.9,6.3,7.7,18.4,15.9,10.6,6.5,4.3,4.1
352,1977-05-01,6.4,5.8,7.3,18.2,14.8,10.5,5.7,4.1,3.6
353,1977-06-01,7.5,6.5,9.1,26.0,18.1,11.3,6.1,4.2,3.8
354,1977-07-01,7.0,6.0,8.4,19.4,15.2,10.5,6.5,4.3,3.3
355,1977-08-01,6.8,5.7,8.6,16.9,13.9,10.8,6.4,4.2,3.8
356,1977-09-01,6.6,5.2,8.6,19.4,17.6,10.5,6.0,4.1,3.3
357,1977-10-01,6.4,5.3,7.8,18.0,15.5,9.7,6.0,4.0,3.3
358,1977-11-01,6.5,5.5,7.9,19.1,15.7,9.8,5.8,4.1,3.4
359,1977-12-01,6.0,5.5,6.8,16.4,13.4,9.4,5.6,3.7,3.5
360,1978-01-01,7.1,6.5,7.8,19.8,16.7,11.9,6.4,4.4,3.9
361,1978-02-01,6.9,6.7,7.3,22.2,15.9,11.7,6.0,4.1,3.9
362,1978-03-01,6.6,6.3,7.0,21.5,15.7,11.1,5.8,4.0,3.5
363,1978-04-01,5.8,5.2,6.6,18.7,13.4,9.6,5.2,3.4,3.0
364,1978-05-01,5.5,4.7,6.7,17.1,12.8,8.7,4.9,3.7,3.2
365,1978-06-01,6.2,5.1,7.9,22.2,15.1,9.7,4.8,3.5,3.1
366,1978-07-01,6.3,5.1,8.0,19.7,13.5,9.8,5.4,3.6,3.2
367,1978-08-01,5.9,4.7,7.6,16.1,11.9,8.8,5.6,3.7,3.2
368,1978-09-01,5.8,4.5,7.6,18.8,15.1,9.2,5.1,3.4,3.1
369,1978-10-01,5.4,4.6,6.6,18.2,13.5,8.1,4.8,3.4,3.1
370,1978-11-01,5.6,4.8,6.7,19.1,14.0,8.7,4.9,3.5,2.9
371,1978-12-01,5.7,5.2,6.3,18.9,13.6,8.7,5.1,3.6,3.3
372,1979-01-01,6.4,6.0,7.1,19.4,15.5,9.9,6.0,4.2,3.5
373,1979-02-01,6.4,6.0,7.0,19.8,15.6,10.0,6.0,3.8,3.7
374,1979-03-01,6.1,5.7,6.6,20.1,13.7,9.7,5.5,3.6,3.5
375,1979-04-01,5.5,5.0,6.3,18.1,13.4,8.3,4.9,3.4,3.4
376,1979-05-01,5.2,4.5,6.3,17.0,13.5,8.5,4.5,3.1,2.8
377,1979-06-01,6.0,5.0,7.5,22.0,15.7,9.2,4.8,3.2,3.0
378,1979-07-01,5.9,5.1,7.0,17.5,13.9,8.9,5.1,3.2,3.0
379,1979-08-01,5.9,4.8,7.5,15.4,13.7,9.2,5.5,3.8,3.1
380,1979-09-01,5.7,4.6,7.1,16.2,17.2,9.2,4.7,3.7,2.9
381,1979-10-01,5.6,4.7,6.9,17.4,14.9,8.9,4.9,3.5,3.2
382,1979-11-01,5.6,5.0,6.4,17.1,14.9,8.5,5.2,3.7,3.1
383,1979-12-01,5.7,5.3,6.2,17.2,14.0,9.5,5.0,3.7,3.1
384,1980-01-01,6.9,6.7,7.1,19.9,15.7,11.5,6.2,4.4,3.8
385,1980-02-01,6.8,6.7,7.0,20.1,16.4,11.1,6.4,4.4,3.9
386,1980-03-01,6.6,6.6,6.6,19.1,15.0,10.8,6.5,4.3,3.8
387,1980-04-01,6.7,6.7,6.6,18.0,13.4,10.8,6.8,4.3,3.8
388,1980-05-01,7.1,7.0,7.2,20.0,16.4,11.9,6.8,4.5,3.7
389,1980-06-01,7.8,7.6,8.2,23.9,18.9,12.5,7.2,4.5,3.9
390,1980-07-01,7.9,7.6,8.2,20.1,16.8,12.1,7.7,5.0,4.3
391,1980-08-01,7.6,7.2,8.1,18.8,14.9,11.6,7.6,5.3,4.4
392,1980-09-01,7.2,6.8,7.6,19.2,17.6,11.7,7.1,4.6,3.9
393,1980-10-01,7.1,6.7,7.7,19.9,16.7,11.6,7.1,4.5,4.1
394,1980-11-01,7.1,7.0,7.4,21.6,16.6,11.4,6.8,4.6,4.4
395,1980-12-01,6.9,6.9,7.0,18.7,15.6,11.1,6.8,4.7,4.1
396,1981-01-01,8.2,8.3,8.0,22.2,19.0,13.3,8.0,5.5,4.6
397,1981-02-01,8.0,8.3,7.7,23.1,19.3,13.0,7.7,5.2,4.6
398,1981-03-01,7.7,7.9,7.4,23.2,17.6,12.6,7.2,5.2,4.3
399,1981-04-01,7.0,6.9,7.1,21.2,16.1,11.6,6.6,4.9,3.5
400,1981-05-01,7.1,6.9,7.5,20.5,17.3,12.4,6.9,4.2,3.8
401,1981-06-01,7.7,7.3,8.3,26.4,18.7,12.6,6.8,4.5,3.9
402,1981-07-01,7.3,6.7,8.2,19.1,17.0,11.4,7.0,4.4,4.1
403,1981-08-01,7.2,6.6,8.0,17.4,15.7,11.5,7.1,4.6,4.3
404,1981-09-01,7.3,6.5,8.4,20.2,19.6,11.9,6.8,5.0,3.7
405,1981-10-01,7.5,6.9,8.3,20.4,19.9,12.0,7.3,5.0,4.2
406,1981-11-01,7.9,7.8,8.2,23.4,20.7,12.2,7.6,5.6,4.5
407,1981-12-01,8.3,8.7,7.8,20.8,20.4,13.0,8.1,6.0,5.0
408,1982-01-01,9.4,10.0,8.7,23.5,23.2,15.0,9.2,6.8,5.6
409,1982-02-01,9.6,10.1,8.9,25.0,24.1,15.3,9.3,6.6,5.6
410,1982-03-01,9.5,10.1,8.7,24.7,21.5,15.1,9.3,6.6,5.8
411,1982-04-01,9.2,9.5,8.7,24.5,21.0,14.2,9.2,6.4,5.2
412,1982-05-01,9.1,9.1,9.0,24.8,21.1,14.1,9.0,6.3,5.4
413,1982-06-01,9.8,9.8,9.7,27.7,22.7,15.0,9.8,6.3,4.8
414,1982-07-01,9.8,9.6,10.0,23.4,21.2,14.4,10.2,6.5,5.6
415,1982-08-01,9.6,9.3,9.9,21.3,19.9,14.5,9.8,6.9,5.5
416,1982-09-01,9.7,9.6,9.8,25.9,22.7,14.7,10.0,7.0,5.8
417,1982-10-01,9.9,9.9,9.9,24.9,23.0,15.1,10.1,7.1,6.1
418,1982-11-01,10.4,10.7,9.9,27.5,23.1,15.6,10.2,8.0,6.5
419,1982-12-01,10.5,11.3,9.6,26.8,21.9,15.5,10.7,8.5,6.5
420,1983-01-01,11.4,12.2,10.4,25.8,23.9,17.7,11.7,8.7,7.3
421,1983-02-01,11.3,12.3,10.0,26.0,23.8,17.7,11.7,8.3,7.3
422,1983-03-01,10.8,11.7,9.6,27.1,23.1,16.4,11.4,7.8,6.9
423,1983-04-01,10.0,10.8,9.0,26.5,20.9,15.1,10.1,7.5,6.7
424,1983-05-01,9.8,10.2,9.2,25.9,20.7,15.2,9.6,7.2,6.6
425,1983-06-01,10.2,10.1,10.4,29.6,23.0,14.9,9.8,7.1,6.0
426,1983-07-01,9.4,9.4,9.4,22.9,19.8,13.3,9.3,6.9,5.8
427,1983-08-01,9.2,9.0,9.4,20.4,19.4,13.7,9.2,6.6,5.9
428,1983-09-01,8.8,8.6,9.0,23.2,21.1,13.3,8.8,6.6,5.3
429,1983-10-01,8.4,8.3,8.5,22.8,20.6,13.0,8.3,5.9,5.4
430,1983-11-01,8.1,8.3,7.9,22.5,19.5,12.4,8.1,5.7,5.1
431,1983-12-01,8.0,8.4,7.5,21.9,17.8,11.7,8.1,5.7,5.7
432,1984-01-01,8.8,9.3,8.2,22.7,19.3,13.8,8.9,6.1,5.8
433,1984-02-01,8.4,8.9,7.9,23.6,19.2,12.8,8.8,5.8,5.4
434,1984-03-01,8.1,8.4,7.7,24.3,18.3,12.3,8.2,5.6,5.1
435,1984-04-01,7.6,7.8,7.4,22.7,16.2,11.9,7.5,5.6,4.7
436,1984-05-01,7.2,7.0,7.4,20.1,17.4,11.4,6.8,5.0,4.8
437,1984-06-01,7.4,7.1,7.8,25.0,17.9,10.9,6.7,5.0,4.1
438,1984-07-01,7.5,7.1,8.0,19.6,16.3,10.8,7.2,5.2,4.9
439,1984-08-01,7.3,6.6,8.2,17.7,14.9,11.3,6.9,5.6,4.6
440,1984-09-01,7.1,6.6,7.7,20.6,18.6,10.9,6.4,5.4,4.6
441,1984-10-01,7.0,6.5,7.7,18.7,18.3,10.6,6.5,5.1,4.6
442,1984-11-01,6.9,6.8,7.1,20.0,16.8,10.5,6.6,4.8,4.8
443,1984-12-01,7.0,7.2,6.7,20.2,16.9,10.4,6.7,5.0,5.1
444,1985-01-01,8.0,8.2,7.8,21.3,18.8,12.2,7.9,5.9,5.6
445,1985-02-01,7.8,8.1,7.5,20.9,18.7,12.4,7.8,5.5,5.3
446,1985-03-01,7.5,7.6,7.4,22.1,16.7,11.7,7.2,5.6,5.3
447,1985-04-01,7.1,7.2,7.1,21.2,14.2,10.9,7.1,5.2,5.0
448,1985-05-01,7.0,6.6,7.5,20.7,16.8,11.5,6.6,4.9,4.2
449,1985-06-01,7.5,7.2,7.9,25.9,17.5,11.4,6.8,5.3,4.3
450,1985-07-01,7.4,7.0,7.9,20.7,17.0,10.7,6.9,5.1,4.7
451,1985-08-01,6.9,6.3,7.7,15.7,14.6,10.5,6.9,5.1,4.4
452,1985-09-01,6.9,6.2,7.7,19.5,17.4,10.6,6.8,5.0,4.5
453,1985-10-01,6.8,6.5,7.2,22.2,18.6,10.5,6.6,4.6,4.3
454,1985-11-01,6.7,6.6,6.9,21.3,16.6,10.6,6.6,4.7,4.2
455,1985-12-01,6.7,6.8,6.5,20.4,16.9,9.8,6.5,4.8,4.6
456,1986-01-01,7.3,7.5,7.2,21.2,17.8,11.6,7.1,5.2,5.2
457,1986-02-01,7.8,8.0,7.6,22.5,18.5,11.9,7.8,5.8,4.8
458,1986-03-01,7.5,7.6,7.2,20.9,17.4,11.1,7.4,5.6,4.9
459,1986-04-01,7.0,7.0,6.9,21.3,16.9,10.6,6.9,5.1,4.4
460,1986-05-01,7.0,6.8,7.1,20.6,17.3,11.6,6.7,4.9,4.4
461,1986-06-01,7.3,7.1,7.7,24.9,18.7,10.9,6.8,5.0,4.5
462,1986-07-01,7.0,6.8,7.3,19.0,15.8,10.4,7.0,4.9,4.4
463,1986-08-01,6.7,6.2,7.3,16.3,14.6,9.9,6.8,4.9,4.3
464,1986-09-01,6.8,6.4,7.3,19.5,18.2,10.8,6.6,4.8,4.2
465,1986-10-01,6.6,6.4,6.9,18.3,17.2,10.1,6.6,4.8,4.0
466,1986-11-01,6.6,6.7,6.6,21.2,16.3,9.6,6.7,4.9,4.2
467,1986-12-01,6.3,6.7,5.8,17.8,15.6,9.8,6.5,4.6,4.0
468,1987-01-01,7.3,7.7,6.8,20.2,17.4,11.7,7.7,5.3,4.7
469,1987-02-01,7.2,7.6,6.7,20.9,18.0,11.5,7.3,5.2,4.9
470,1987-03-01,6.9,7.2,6.5,21.1,16.5,10.6,6.7,5.2,4.5
471,1987-04-01,6.2,6.4,5.9,19.6,14.7,10.0,6.0,4.4,4.0
472,1987-05-01,6.1,6.2,6.1,21.3,14.9,10.2,5.8,4.2,3.7
473,1987-06-01,6.3,6.2,6.4,23.4,15.4,10.4,5.8,4.1,3.7
474,1987-07-01,6.1,5.8,6.4,17.1,13.8,9.5,5.8,4.5,3.9
475,1987-08-01,5.8,5.5,6.3,14.8,12.6,8.8,5.8,4.4,3.8
476,1987-09-01,5.7,5.2,6.4,16.6,16.3,9.1,5.4,4.4,3.4
477,1987-10-01,5.7,5.4,6.0,19.9,15.2,8.3,5.3,4.3,3.8
478,1987-11-01,5.6,5.5,5.8,20.1,14.5,8.5,5.4,4.0,3.8
479,1987-12-01,5.4,5.6,5.2,16.3,14.0,7.8,5.6,4.0,3.4
480,1988-01-01,6.3,6.6,6.0,18.8,15.5,10.0,6.3,4.7,4.1
481,1988-02-01,6.2,6.4,6.0,18.2,15.4,9.7,6.1,4.8,4.1
482,1988-03-01,5.9,6.3,5.5,18.5,16.1,9.5,5.9,4.4,3.4
483,1988-04-01,5.3,5.3,5.3,18.4,13.0,8.6,5.1,3.9,3.3
484,1988-05-01,5.4,5.4,5.5,16.4,15.0,9.3,5.1,3.9,3.1
485,1988-06-01,5.5,5.3,5.8,20.6,13.9,8.8,5.4,3.5,3.0
486,1988-07-01,5.5,5.1,6.0,16.9,12.8,8.4,5.2,3.9,3.4
487,1988-08-01,5.4,5.0,5.8,14.8,11.8,7.9,5.6,4.0,3.3
488,1988-09-01,5.2,4.8,5.8,18.8,13.6,8.0,5.3,3.6,3.4
489,1988-10-01,5.0,4.9,5.3,16.7,13.8,8.0,5.1,3.6,3.1
490,1988-11-01,5.2,5.2,5.1,16.2,12.3,8.3,5.3,3.6,3.6
491,1988-12-01,5.0,5.3,4.7,15.0,12.6,7.9,4.9,3.7,3.5
492,1989-01-01,6.0,6.4,5.5,18.6,16.4,10.3,5.6,4.2,4.2
493,1989-02-01,5.6,6.1,5.2,18.9,13.9,9.0,5.6,4.2,3.6
494,1989-03-01,5.2,5.4,5.0,15.8,13.1,8.1,5.3,3.9,3.5
495,1989-04-01,5.1,5.2,4.9,15.4,12.7,8.3,5.1,3.8,3.2
496,1989-05-01,5.0,4.8,5.2,15.8,14.8,8.2,5.2,3.3,2.7
497,1989-06-01,5.5,5.0,6.0,22.2,15.3,9.2,5.0,3.2,2.8
498,1989-07-01,5.3,4.8,6.0,17.1,12.2,8.4,5.2,3.7,3.0
499,1989-08-01,5.1,4.6,5.7,14.4,10.8,8.2,5.0,3.8,3.0
500,1989-09-01,5.1,4.8,5.5,16.0,15.0,8.4,5.1,3.8,2.8
501,1989-10-01,5.0,4.8,5.3,16.1,13.9,8.3,4.9,3.6,3.1
502,1989-11-01,5.2,5.2,5.2,18.2,13.7,8.7,4.8,3.8,3.3
503,1989-12-01,5.1,5.3,4.9,16.6,12.5,8.1,5.0,3.8,3.3
504,1990-01-01,6.0,6.4,5.5,15.2,15.5,9.7,5.9,4.4,4.1
505,1990-02-01,5.9,6.1,5.5,18.2,14.3,9.2,6.1,4.1,3.7
506,1990-03-01,5.5,5.8,5.1,16.9,13.2,8.6,5.6,4.0,3.4
507,1990-04-01,5.3,5.5,5.0,17.2,12.1,9.1,5.2,3.9,3.3
508,1990-05-01,5.2,5.2,5.2,19.5,13.5,8.7,5.1,3.5,3.2
509,1990-06-01,5.4,5.3,5.5,21.6,14.4,8.6,4.9,3.8,3.1
510,1990-07-01,5.6,5.3,5.9,17.1,13.9,8.1,5.5,4.2,3.1
511,1990-08-01,5.5,5.2,5.9,15.5,12.6,8.3,5.6,4.2,3.4
512,1990-09-01,5.6,5.3,5.9,17.3,15.4,9.3,5.5,4.2,3.3
513,1990-10-01,5.5,5.4,5.6,18.3,15.0,9.0,5.3,3.9,3.5
514,1990-11-01,5.9,6.1,5.6,19.7,15.2,8.9,5.7,4.6,4.2
515,1990-12-01,6.0,6.4,5.4,18.2,14.3,8.6,6.2,4.8,4.4
516,1991-01-01,7.1,7.6,6.3,20.6,18.8,10.8,7.2,5.5,4.8
517,1991-02-01,7.3,8.1,6.3,18.2,18.5,11.5,7.6,5.6,5.1
518,1991-03-01,7.2,8.0,6.2,21.3,17.7,10.6,7.4,5.7,4.9
519,1991-04-01,6.5,7.1,5.8,21.1,15.1,10.0,6.7,5.4,4.2
520,1991-05-01,6.7,7.0,6.4,20.5,19.2,11.2,6.5,4.9,4.3
521,1991-06-01,7.0,7.1,6.9,24.8,18.6,11.5,6.6,5.0,4.2
522,1991-07-01,6.8,6.9,6.8,21.6,16.8,10.7,6.6,4.9,4.3
523,1991-08-01,6.6,6.5,6.8,18.1,14.1,10.0,6.8,5.2,4.5
524,1991-09-01,6.5,6.5,6.5,19.8,17.7,10.8,6.7,4.8,4.5
525,1991-10-01,6.5,6.5,6.5,21.5,17.3,10.8,6.6,4.7,4.4
526,1991-11-01,6.7,7.0,6.4,21.7,17.1,10.7,6.8,5.1,4.5
527,1991-12-01,6.9,7.4,6.3,22.3,16.0,11.1,7.2,5.2,4.8
528,1992-01-01,8.1,9.1,6.9,22.3,18.5,12.7,8.5,6.3,5.7
529,1992-02-01,8.2,9.3,7.0,23.0,20.4,12.5,8.4,6.6,5.9
530,1992-03-01,7.8,8.7,6.7,24.3,19.7,11.2,8.1,6.2,5.7
531,1992-04-01,7.2,7.8,6.5,22.7,15.4,10.9,7.6,5.6,5.1
532,1992-05-01,7.3,7.8,6.8,24.5,18.8,11.9,7.3,5.4,5.1
533,1992-06-01,8.0,8.2,7.7,30.1,21.7,11.8,7.6,5.6,5.0
534,1992-07-01,7.7,7.6,7.8,22.5,18.1,11.3,7.5,5.8,5.2
535,1992-08-01,7.4,7.3,7.6,17.6,15.7,10.8,7.6,5.9,5.2
536,1992-09-01,7.3,7.2,7.4,23.3,19.4,11.3,7.3,5.5,4.9
537,1992-10-01,6.9,7.0,6.7,21.6,16.2,10.5,7.2,5.4,4.5
538,1992-11-01,7.1,7.4,6.7,25.0,17.6,10.7,7.3,5.5,4.6
539,1992-12-01,7.1,7.5,6.6,20.4,16.3,10.7,7.2,6.0,4.8
540,1993-01-01,8.0,8.6,7.3,24.8,18.1,12.5,8.2,6.5,5.6
541,1993-02-01,7.8,8.6,6.9,22.0,20.4,12.3,8.0,6.3,5.4
542,1993-03-01,7.4,8.3,6.3,25.6,17.5,10.7,7.6,5.9,5.5
543,1993-04-01,6.9,7.4,6.3,23.2,17.6,10.4,6.8,5.5,5.2
544,1993-05-01,6.8,7.1,6.5,21.9,20.0,11.7,6.4,5.1,4.7
545,1993-06-01,7.2,7.3,7.1,28.0,18.8,10.8,6.9,5.3,4.8
546,1993-07-01,7.0,7.0,7.0,20.1,16.7,10.4,6.9,5.3,5.0
547,1993-08-01,6.6,6.5,6.8,15.9,14.6,10.0,6.6,5.3,4.9
548,1993-09-01,6.4,6.3,6.6,17.8,17.7,9.8,6.5,4.9,4.6
549,1993-10-01,6.4,6.3,6.5,20.7,17.5,9.4,6.2,5.3,4.3
550,1993-11-01,6.2,6.3,6.2,21.4,16.1,9.5,6.1,5.3,3.9
551,1993-12-01,6.1,6.4,5.8,16.4,15.4,9.0,6.4,5.3,4.1
552,1994-01-01,7.3,7.9,6.7,21.8,17.2,12.2,7.4,5.9,4.6
553,1994-02-01,7.1,7.8,6.4,21.6,17.3,11.1,7.5,5.5,4.8
554,1994-03-01,6.8,7.2,6.4,21.2,17.2,10.7,7.0,5.5,4.3
555,1994-04-01,6.2,6.5,5.9,24.9,15.7,9.6,6.4,4.5,4.0
556,1994-05-01,5.9,5.9,5.8,21.0,17.6,9.9,5.5,4.0,3.9
557,1994-06-01,6.2,6.0,6.5,24.9,16.7,9.7,5.6,4.4,4.2
558,1994-07-01,6.2,6.1,6.4,20.3,15.2,9.7,5.8,4.5,4.2
559,1994-08-01,5.9,5.6,6.3,16.3,13.0,9.6,5.7,4.6,4.0
560,1994-09-01,5.6,5.3,6.0,17.6,16.5,9.3,5.4,4.5,3.6
561,1994-10-01,5.4,5.3,5.6,16.9,17.2,8.3,5.4,4.0,3.6
562,1994-11-01,5.3,5.2,5.4,17.6,13.4,8.7,5.2,4.0,3.6
563,1994-12-01,5.1,5.3,4.8,15.3,15.4,7.7,5.2,4.0,3.3
564,1995-01-01,6.2,6.6,5.8,20.4,15.1,9.7,6.6,4.9,3.7
565,1995-02-01,5.9,6.2,5.5,20.6,16.7,9.2,5.8,4.6,3.7
566,1995-03-01,5.7,5.9,5.4,21.1,13.5,9.4,5.5,4.5,3.8
567,1995-04-01,5.6,5.7,5.5,21.8,15.0,8.4,5.6,4.5,3.5
568,1995-05-01,5.5,5.6,5.3,22.1,16.0,8.8,5.1,4.2,3.0
569,1995-06-01,5.8,5.5,6.1,23.3,16.4,9.2,5.3,4.1,3.2
570,1995-07-01,5.9,5.5,6.3,21.0,15.2,9.3,5.3,4.4,3.4
571,1995-08-01,5.6,5.3,6.0,17.3,12.7,9.6,5.2,4.4,3.4
572,1995-09-01,5.4,5.1,5.8,18.1,16.4,10.0,5.3,4.0,3.0
573,1995-10-01,5.2,4.9,5.5,19.0,15.6,8.8,4.8,4.2,3.0
574,1995-11-01,5.3,5.3,5.2,19.7,15.5,8.3,5.1,4.1,3.3
575,1995-12-01,5.2,5.5,4.9,17.7,15.7,8.3,5.1,4.2,3.3
576,1996-01-01,6.3,6.5,6.0,21.2,17.1,11.1,6.2,4.8,4.1
577,1996-02-01,6.0,6.4,5.5,20.6,15.8,10.6,6.0,4.5,3.7
578,1996-03-01,5.8,6.3,5.3,20.5,15.5,9.8,5.7,4.5,3.6
579,1996-04-01,5.4,5.6,5.1,20.4,14.9,8.6,5.2,4.2,3.6
580,1996-05-01,5.4,5.4,5.4,20.8,15.3,9.8,5.1,3.7,3.4
581,1996-06-01,5.5,5.3,5.7,23.3,14.9,9.3,4.9,3.7,3.3
582,1996-07-01,5.6,5.4,5.9,20.0,14.1,9.7,5.3,4.1,3.1
583,1996-08-01,5.1,4.6,5.7,15.9,13.1,8.4,4.8,4.1,3.1
584,1996-09-01,5.0,4.7,5.3,15.0,15.2,9.0,4.8,3.9,3.0
585,1996-10-01,4.9,4.6,5.2,16.3,15.6,8.2,4.6,3.8,3.0
586,1996-11-01,5.0,4.9,5.2,15.7,17.0,8.6,4.8,4.1,3.1
587,1996-12-01,5.0,4.9,5.0,16.7,14.2,8.1,4.8,4.0,3.3
588,1997-01-01,5.9,6.2,5.6,18.5,17.5,10.5,5.6,4.9,3.8
589,1997-02-01,5.7,5.9,5.5,20.5,16.5,9.5,5.7,4.6,3.5
590,1997-03-01,5.5,5.7,5.2,20.5,14.4,9.3,5.3,4.4,3.3
591,1997-04-01,4.8,5.0,4.6,19.9,12.8,8.4,4.7,3.8,3.0
592,1997-05-01,4.7,4.4,5.1,19.8,14.4,8.4,4.4,3.4,2.8
593,1997-06-01,5.2,5.0,5.4,22.0,16.8,8.5,4.6,3.5,3.0
594,1997-07-01,5.0,4.7,5.4,18.5,15.1,7.9,4.8,3.5,3.0
595,1997-08-01,4.8,4.4,5.3,14.7,13.2,8.0,4.7,3.7,2.8
596,1997-09-01,4.7,4.3,5.1,16.8,15.1,8.2,4.5,3.5,2.9
597,1997-10-01,4.4,4.3,4.5,15.4,14.3,7.9,4.1,3.4,2.6
598,1997-11-01,4.3,4.2,4.4,16.3,13.4,7.9,4.0,3.2,2.6
599,1997-12-01,4.4,4.5,4.2,15.2,10.6,7.7,4.0,3.7,2.9
600,1998-01-01,5.2,5.3,5.0,18.0,12.7,10.0,4.8,4.3,3.3
601,1998-02-01,5.0,5.1,4.8,19.4,12.4,9.2,4.8,3.7,3.4
602,1998-03-01,5.0,5.2,4.8,18.1,13.2,8.5,5.0,3.8,3.1
603,1998-04-01,4.1,4.1,4.2,16.4,10.6,7.1,3.9,3.3,2.8
604,1998-05-01,4.2,4.1,4.4,17.2,13.6,7.7,3.9,3.1,2.3
605,1998-06-01,4.7,4.4,5.0,22.5,13.5,8.2,4.2,3.2,2.6
606,1998-07-01,4.7,4.5,4.9,16.5,13.0,8.3,4.4,3.2,2.9
607,1998-08-01,4.5,4.0,5.0,14.1,12.0,8.4,4.2,3.3,2.7
608,1998-09-01,4.4,4.2,4.6,15.3,14.5,8.3,4.3,3.0,2.5
609,1998-10-01,4.2,4.0,4.5,16.8,14.4,6.7,4.4,3.0,2.4
610,1998-11-01,4.1,3.9,4.4,16.8,13.2,6.3,3.9,3.1,2.5
611,1998-12-01,4.0,4.2,3.8,14.5,10.9,6.5,3.9,3.2,2.6
612,1999-01-01,4.8,4.9,4.6,19.3,14.2,7.9,4.6,3.5,3.1
613,1999-02-01,4.7,4.9,4.5,16.4,13.6,8.5,4.7,3.5,3.1
614,1999-03-01,4.4,4.4,4.5,17.8,12.5,7.7,4.3,3.1,2.7
615,1999-04-01,4.1,4.0,4.2,17.6,10.8,7.0,3.9,3.1,2.6
616,1999-05-01,4.0,3.9,4.0,16.6,11.1,7.5,3.6,3.0,2.2
617,1999-06-01,4.5,4.2,4.8,21.1,12.8,7.8,3.9,3.1,2.3
618,1999-07-01,4.5,4.1,4.9,15.5,11.7,7.9,4.2,3.0,2.6
619,1999-08-01,4.2,3.8,4.6,12.9,10.8,7.4,3.9,3.3,2.5
620,1999-09-01,4.1,3.8,4.4,13.9,15.1,7.3,3.8,3.0,2.4
621,1999-10-01,3.8,3.8,4.0,14.4,13.0,7.1,3.7,2.7,2.3
622,1999-11-01,3.8,3.7,4.0,15.8,12.5,7.0,3.6,2.6,2.4
623,1999-12-01,3.7,3.9,3.5,14.3,10.7,6.7,3.4,2.7,2.6
624,2000-01-01,4.5,4.6,4.3,15.0,12.5,8.2,4.1,3.4,3.1
625,2000-02-01,4.4,4.7,4.2,16.6,13.2,8.3,4.0,3.4,2.7
626,2000-03-01,4.3,4.3,4.3,16.2,12.0,7.9,4.0,3.5,2.3
627,2000-04-01,3.7,3.7,3.7,15.5,9.7,6.7,3.4,3.0,2.1
628,2000-05-01,3.8,3.6,4.1,16.4,10.3,8.1,3.6,2.8,2.1
629,2000-06-01,4.1,3.9,4.5,18.3,11.8,7.7,3.5,3.0,2.4
630,2000-07-01,4.2,3.8,4.6,16.2,11.5,7.1,3.9,3.0,2.5
631,2000-08-01,4.1,3.6,4.6,13.8,11.5,6.5,3.8,3.2,2.7
632,2000-09-01,3.8,3.5,4.1,13.6,12.3,6.4,3.5,2.8,2.4
633,2000-10-01,3.6,3.5,3.7,13.3,11.8,6.3,3.4,2.6,2.3
634,2000-11-01,3.7,3.7,3.8,15.0,11.8,6.3,3.4,2.8,2.3
635,2000-12-01,3.7,4.0,3.4,14.0,10.4,6.4,3.5,2.8,2.4
636,2001-01-01,4.7,5.0,4.3,18.1,12.4,8.0,4.7,3.5,3.1
637,2001-02-01,4.6,4.9,4.2,18.3,11.9,8.1,4.3,3.4,3.2
638,2001-03-01,4.5,4.8,4.2,17.0,12.3,8.2,4.3,3.5,3.0
639,2001-04-01,4.2,4.4,4.0,17.4,10.8,7.6,4.2,3.0,2.9
640,2001-05-01,4.1,4.2,4.1,16.0,11.5,8.2,4.0,3.1,2.6
641,2001-06-01,4.7,4.7,4.8,20.8,14.0,8.4,4.4,3.3,2.7
642,2001-07-01,4.7,4.5,5.0,18.4,11.9,7.9,4.3,3.6,3.0
643,2001-08-01,4.9,4.6,5.2,15.4,13.1,8.8,4.8,3.7,3.3
644,2001-09-01,4.7,4.5,5.0,14.0,15.3,8.2,4.5,3.8,3.0
645,2001-10-01,5.0,5.0,5.0,15.4,15.3,8.7,4.8,3.9,3.4
646,2001-11-01,5.3,5.4,5.1,16.8,15.4,8.7,5.4,4.3,3.4
647,2001-12-01,5.4,5.7,5.1,17.4,13.7,8.9,5.8,4.3,3.5
648,2002-01-01,6.3,6.8,5.7,18.9,16.3,10.7,6.7,5.2,4.4
649,2002-02-01,6.1,6.6,5.6,18.2,15.8,10.5,6.3,4.8,4.4
650,2002-03-01,6.1,6.6,5.5,19.3,15.3,10.9,6.2,4.9,4.1
651,2002-04-01,5.7,5.9,5.5,20.3,13.6,9.4,6.0,4.6,4.1
652,2002-05-01,5.5,5.5,5.5,21.2,13.8,9.2,5.6,4.3,3.9
653,2002-06-01,6.0,6.0,6.1,24.4,16.3,9.5,5.8,4.1,4.3
654,2002-07-01,5.9,5.7,6.2,20.1,15.1,9.5,5.7,4.5,4.3
655,2002-08-01,5.7,5.5,5.9,16.5,14.8,9.4,5.9,4.3,3.9
656,2002-09-01,5.4,5.3,5.4,16.7,15.2,9.2,5.4,4.3,3.6
657,2002-10-01,5.3,5.3,5.4,13.7,14.9,9.6,5.2,4.5,3.6
658,2002-11-01,5.6,5.9,5.4,18.8,16.0,9.1,5.7,4.8,3.8
659,2002-12-01,5.7,6.2,5.1,15.7,14.4,9.0,6.0,4.6,4.0
660,2003-01-01,6.5,7.2,5.6,18.7,17.2,10.4,6.9,5.2,4.5
661,2003-02-01,6.4,7.0,5.6,19.2,17.1,10.2,6.3,5.7,4.5
662,2003-03-01,6.2,6.7,5.6,17.9,17.9,9.6,6.2,5.3,4.7
663,2003-04-01,5.8,6.3,5.3,19.5,15.7,9.6,5.8,4.8,4.2
664,2003-05-01,5.8,6.1,5.5,19.3,17.2,10.6,5.7,4.7,3.7
665,2003-06-01,6.5,6.7,6.4,26.7,19.0,10.7,6.3,5.1,3.8
666,2003-07-01,6.3,6.3,6.3,21.5,16.5,10.2,6.1,5.1,4.1
667,2003-08-01,6.0,5.9,6.2,16.1,14.6,10.2,6.2,4.9,4.1
668,2003-09-01,5.8,5.8,5.8,16.6,17.3,10.4,5.9,4.6,3.9
669,2003-10-01,5.6,5.6,5.5,17.9,15.3,9.5,5.8,4.7,3.7
670,2003-11-01,5.6,6.0,5.2,16.4,15.0,9.8,5.8,4.7,3.8
671,2003-12-01,5.4,5.8,5.0,16.2,13.1,8.8,5.8,4.6,3.8
672,2004-01-01,6.3,6.7,5.8,18.4,16.9,10.7,6.6,5.0,4.5
673,2004-02-01,6.0,6.4,5.5,17.9,16.6,10.1,6.2,4.9,4.3
674,2004-03-01,6.0,6.4,5.6,20.4,14.7,10.1,6.2,5.2,4.3
675,2004-04-01,5.4,5.6,5.1,21.1,13.3,8.7,5.4,4.3,4.0
676,2004-05-01,5.3,5.5,5.1,22.7,14.2,9.9,5.2,3.9,3.6
677,2004-06-01,5.8,5.6,6.0,26.7,15.5,10.1,5.1,4.4,3.8
678,2004-07-01,5.7,5.4,6.1,21.8,15.8,9.1,5.6,4.4,3.8
679,2004-08-01,5.4,5.2,5.6,18.0,13.9,8.9,5.3,4.3,3.6
680,2004-09-01,5.1,5.0,5.2,16.8,15.7,9.5,4.9,4.2,3.3
681,2004-10-01,5.1,5.1,5.1,18.3,15.2,9.4,5.1,3.9,3.3
682,2004-11-01,5.2,5.3,5.0,20.2,13.7,8.7,5.4,3.9,3.5
683,2004-12-01,5.1,5.5,4.7,18.1,14.0,8.1,5.6,3.9,3.8
684,2005-01-01,5.7,6.2,5.2,18.8,15.2,10.5,5.8,4.5,4.0
685,2005-02-01,5.8,6.3,5.2,20.4,16.8,10.7,5.6,4.6,4.0
686,2005-03-01,5.4,5.8,4.9,19.8,15.3,9.3,5.7,4.2,3.7
687,2005-04-01,4.9,5.0,4.9,20.2,15.8,8.3,5.1,3.8,3.3
688,2005-05-01,4.9,4.8,5.0,21.5,16.3,9.0,4.7,3.6,3.3
689,2005-06-01,5.2,5.0,5.5,23.4,16.2,9.1,5.2,3.7,3.3
690,2005-07-01,5.2,4.8,5.7,19.9,14.0,8.0,5.2,3.8,3.7
691,2005-08-01,4.9,4.6,5.2,16.0,14.3,8.6,5.0,3.7,3.2
692,2005-09-01,4.8,4.6,5.1,16.2,14.5,8.7,5.1,3.5,3.3
693,2005-10-01,4.6,4.4,5.0,17.0,14.1,8.1,4.5,3.7,3.3
694,2005-11-01,4.8,4.8,4.9,20.6,14.2,7.9,4.9,3.8,3.4
695,2005-12-01,4.6,4.8,4.4,15.1,11.8,7.8,4.9,3.7,3.4
696,2006-01-01,5.1,5.3,4.9,15.7,15.3,9.1,5.2,4.1,3.6
697,2006-02-01,5.1,5.5,4.7,17.8,14.8,9.1,5.6,3.9,3.6
698,2006-03-01,4.8,5.1,4.5,19.0,13.8,7.8,5.2,4.1,3.4
699,2006-04-01,4.5,4.6,4.4,15.7,13.4,7.7,4.8,3.7,3.2
700,2006-05-01,4.4,4.5,4.3,16.2,13.3,8.3,4.5,3.2,3.1
701,2006-06-01,4.8,4.6,5.0,22.3,15.5,8.2,4.6,3.3,3.0
702,2006-07-01,5.0,4.6,5.3,18.3,14.5,8.3,4.8,3.6,3.3
703,2006-08-01,4.6,4.4,5.0,16.8,13.8,8.1,4.3,3.8,3.2
704,2006-09-01,4.4,4.0,4.8,15.7,16.1,8.0,4.4,3.3,2.8
705,2006-10-01,4.1,4.0,4.3,16.2,13.1,8.2,4.3,2.7,2.5
706,2006-11-01,4.3,4.3,4.4,16.8,13.1,8.0,4.2,3.4,2.7
707,2006-12-01,4.3,4.5,4.0,14.5,12.1,7.2,4.2,3.7,2.9
708,2007-01-01,5.0,5.4,4.6,15.9,14.6,9.0,5.4,3.8,3.4
709,2007-02-01,4.9,5.4,4.2,17.0,14.7,8.0,5.3,3.6,3.6
710,2007-03-01,4.5,5.0,4.1,16.6,13.3,7.6,4.7,3.5,3.3
711,2007-04-01,4.3,4.5,4.1,16.2,14.5,7.3,4.3,3.3,3.1
712,2007-05-01,4.3,4.4,4.1,17.8,15.4,7.4,4.2,3.0,2.9
713,2007-06-01,4.7,4.7,4.8,21.7,16.9,8.4,4.5,3.2,2.9
714,2007-07-01,4.9,4.6,5.2,17.8,13.9,8.2,4.7,3.8,3.3
715,2007-08-01,4.6,4.3,5.0,16.5,13.9,8.3,4.5,3.6,3.1
716,2007-09-01,4.5,4.4,4.6,16.8,15.1,8.9,4.6,3.2,2.9
717,2007-10-01,4.4,4.4,4.4,15.9,13.9,8.4,4.4,3.3,3.1
718,2007-11-01,4.5,4.5,4.5,19.0,14.1,7.7,4.5,3.5,3.2
719,2007-12-01,4.8,5.1,4.4,17.4,13.8,8.7,4.8,3.7,3.6
720,2008-01-01,5.4,5.9,4.8,20.0,17.2,9.8,5.6,4.0,3.8
721,2008-02-01,5.2,5.7,4.6,18.5,16.5,9.5,5.3,3.9,3.9
722,2008-03-01,5.2,5.7,4.7,18.8,13.6,9.2,5.7,4.1,3.7
723,2008-04-01,4.8,5.0,4.4,19.4,12.5,8.2,4.9,3.8,3.6
724,2008-05-01,5.2,5.4,5.1,22.5,17.7,10.5,5.0,3.9,3.5
725,2008-06-01,5.7,5.8,5.7,29.8,16.9,10.6,5.4,4.2,3.7
726,2008-07-01,6.0,6.1,6.0,26.3,17.6,10.2,5.7,4.7,3.9
727,2008-08-01,6.1,5.8,6.4,19.8,16.6,10.6,6.0,5.1,4.2
728,2008-09-01,6.0,6.2,5.6,19.3,18.9,10.9,5.9,4.9,4.0
729,2008-10-01,6.1,6.5,5.7,21.3,18.1,10.5,6.3,5.1,4.2
730,2008-11-01,6.5,6.9,5.9,24.0,17.9,10.4,6.7,5.3,4.8
731,2008-12-01,7.1,8.1,6.0,21.5,17.5,11.6,7.5,6.0,5.7
732,2009-01-01,8.5,9.7,7.0,20.8,21.7,13.5,9.2,7.4,6.7
733,2009-02-01,8.9,10.4,7.2,22.8,22.7,13.8,9.8,7.5,7.2
734,2009-03-01,9.0,10.6,7.3,23.6,20.4,13.9,10.0,7.8,7.2
735,2009-04-01,8.6,9.9,7.1,21.8,20.4,13.7,9.6,7.5,6.6
736,2009-05-01,9.1,10.2,7.7,24.2,23.3,15.5,10.1,7.5,6.5
737,2009-06-01,9.7,10.4,8.9,32.1,25.4,16.0,9.8,7.7,7.0
738,2009-07-01,9.7,10.2,9.2,27.5,23.2,15.4,10.1,7.9,7.4
739,2009-08-01,9.6,10.1,8.9,24.1,24.3,15.2,10.1,8.1,7.5
740,2009-09-01,9.5,10.2,8.6,26.2,25.7,15.1,10.1,8.3,7.4
741,2009-10-01,9.5,10.3,8.5,28.5,25.5,15.3,10.1,8.5,7.1
742,2009-11-01,9.4,10.4,8.2,29.5,25.2,14.8,9.7,8.3,7.3
743,2009-12-01,9.7,11.1,8.1,27.4,23.5,14.7,9.9,8.8,8.0
744,2010-01-01,10.6,12.3,8.5,26.8,26.9,17.1,11.0,9.4,8.5
745,2010-02-01,10.4,12.2,8.5,27.4,25.0,16.6,10.8,9.5,8.4
746,2010-03-01,10.2,11.8,8.3,29.2,23.6,15.8,10.9,9.1,8.4
747,2010-04-01,9.5,10.6,8.2,27.3,22.3,16.4,10.0,7.9,7.7
748,2010-05-01,9.3,10.1,8.5,30.2,25.0,15.2,10.3,7.4,7.2
749,2010-06-01,9.6,10.3,8.8,35.8,25.2,16.1,10.1,7.4,7.2
750,2010-07-01,9.7,10.0,9.4,32.2,23.5,15.7,9.8,7.9,7.4
751,2010-08-01,9.5,9.8,9.3,28.7,23.1,14.7,9.5,7.6,8.0
752,2010-09-01,9.2,9.6,8.7,28.5,24.3,14.6,9.5,8.1,7.1
753,2010-10-01,9.0,9.4,8.6,29.5,25.3,14.8,9.3,7.4,7.1
754,2010-11-01,9.3,9.9,8.6,25.3,23.8,14.8,9.8,7.5,7.8
755,2010-12-01,9.1,10.2,8.0,25.0,22.7,14.2,9.8,7.8,7.6
756,2011-01-01,9.8,10.8,8.6,26.5,26.3,16.3,10.1,8.1,7.9
757,2011-02-01,9.5,10.5,8.4,27.9,22.4,16.1,10.1,8.0,7.7
758,2011-03-01,9.2,10.2,8.0,28.6,21.4,15.0,9.8,7.6,7.6
759,2011-04-01,8.7,9.3,7.9,29.5,20.2,14.2,9.4,7.1,7.0
760,2011-05-01,8.7,9.2,8.3,29.5,21.5,15.2,9.2,7.1,6.8
761,2011-06-01,9.3,9.6,9.1,34.1,24.1,15.2,9.5,7.4,7.0
762,2011-07-01,9.3,9.2,9.4,30.5,22.9,14.7,9.7,7.1,7.2
763,2011-08-01,9.1,9.0,9.2,26.9,23.5,14.5,9.2,7.6,7.1
764,2011-09-01,8.8,8.8,8.8,24.8,24.3,14.3,9.3,7.3,6.8
765,2011-10-01,8.5,8.7,8.3,23.6,24.0,13.4,9.3,6.8,6.5
766,2011-11-01,8.2,8.4,7.9,22.6,23.8,13.2,8.7,6.7,6.4
767,2011-12-01,8.3,8.8,7.7,25.5,19.6,13.4,9.2,6.9,6.6
768,2012-01-01,8.8,9.3,8.3,28.1,22.4,14.2,9.6,7.5,6.9
769,2012-02-01,8.7,9.3,8.1,29.4,21.1,14.6,9.2,7.3,7.0
770,2012-03-01,8.4,8.9,7.7,28.5,22.0,13.1,9.0,6.8,6.6
771,2012-04-01,7.7,8.0,7.4,24.8,22.5,12.6,7.9,6.3,6.0
772,2012-05-01,7.9,8.1,7.7,27.0,23.1,13.3,8.0,6.4,6.0
773,2012-06-01,8.4,8.4,8.4,32.8,23.0,14.4,8.2,6.7,6.1
774,2012-07-01,8.6,8.2,9.0,29.0,21.9,13.7,8.3,6.8,6.6
775,2012-08-01,8.2,8.0,8.4,27.5,22.1,13.9,8.1,6.6,6.4
776,2012-09-01,7.6,7.6,7.6,23.4,24.0,12.1,7.9,6.2,5.8
777,2012-10-01,7.5,7.5,7.6,23.1,23.7,12.7,8.0,5.9,5.6
778,2012-11-01,7.4,7.5,7.2,28.4,20.5,11.8,7.4,6.0,5.8
779,2012-12-01,7.6,7.9,7.3,23.5,21.2,12.8,7.7,6.7,5.9
780,2013-01-01,8.5,9.0,7.9,28.2,22.2,15.3,8.3,7.1,6.5
781,2013-02-01,8.1,8.5,7.6,28.6,23.3,13.7,8.2,6.7,6.0
782,2013-03-01,7.6,8.0,7.2,27.6,21.1,13.3,7.7,6.3,5.9
783,2013-04-01,7.1,7.5,6.7,26.1,20.6,12.5,7.1,5.6,5.7
784,2013-05-01,7.3,7.6,6.8,28.3,22.2,13.5,6.9,5.8,5.6
785,2013-06-01,7.8,7.8,7.8,32.3,23.4,14.3,7.6,5.7,5.5
786,2013-07-01,7.7,7.6,7.8,32.1,19.4,12.7,7.6,6.0,5.8
787,2013-08-01,7.3,7.4,7.3,24.3,21.2,13.0,7.6,5.6,5.5
788,2013-09-01,7.0,7.3,6.7,22.4,20.6,12.5,7.2,5.4,5.3
789,2013-10-01,7.0,7.1,6.8,21.3,22.0,11.8,7.0,5.4,5.5
790,2013-11-01,6.6,6.9,6.3,21.9,18.9,10.7,7.1,5.4,5.3
791,2013-12-01,6.5,6.8,6.1,21.0,16.9,10.2,6.8,5.4,5.1
792,2014-01-01,7.0,7.5,6.5,21.1,21.0,12.9,7.3,5.5,5.5
793,2014-02-01,7.0,7.6,6.3,21.3,21.5,12.7,7.5,5.5,5.5
794,2014-03-01,6.8,7.1,6.4,20.0,20.3,12.4,7.0,5.4,5.1
795,2014-04-01,5.9,6.1,5.6,21.0,16.2,10.0,6.3,4.6,4.4
796,2014-05-01,6.1,6.2,5.9,23.9,17.1,11.3,6.3,4.8,4.3
797,2014-06-01,6.3,6.3,6.3,29.7,20.7,11.3,6.4,4.4,4.0
798,2014-07-01,6.5,6.2,6.9,25.9,18.2,11.4,6.7,4.9,4.3
799,2014-08-01,6.3,6.0,6.6,22.3,17.3,10.7,6.9,4.8,4.3
800,2014-09-01,5.7,5.5,6.0,17.9,21.0,11.4,6.1,4.3,3.9
801,2014-10-01,5.5,5.3,5.8,19.9,17.3,10.1,6.1,4.2,3.8
802,2014-11-01,5.5,5.6,5.4,16.2,16.9,9.9,5.8,4.2,4.0
803,2014-12-01,5.4,5.7,4.9,16.2,14.1,9.9,5.7,4.3,4.0
804,2015-01-01,6.1,6.5,5.6,19.1,19.3,10.6,6.4,4.9,4.5
805,2015-02-01,5.8,6.3,5.3,17.6,16.8,10.5,5.8,4.8,4.2
806,2015-03-01,5.6,6.0,5.1,17.3,16.8,10.6,5.9,4.3,3.9
807,2015-04-01,5.1,5.2,4.9,19.1,13.8,8.9,5.4,4.1,3.7
808,2015-05-01,5.3,5.4,5.2,20.0,16.7,10.3,5.5,4.2,3.7
809,2015-06-01,5.5,5.4,5.5,23.9,19.9,10.5,5.5,3.8,3.3
810,2015-07-01,5.6,5.2,6.0,19.9,15.3,10.2,5.6,4.2,3.9
811,2015-08-01,5.2,4.9,5.5,18.2,15.5,8.8,5.3,3.9,3.9
812,2015-09-01,4.9,4.8,5.0,15.1,16.8,9.1,4.9,3.9,3.2
813,2015-10-01,4.8,4.8,4.9,16.2,14.9,9.0,5.2,3.9,3.4
814,2015-11-01,4.8,4.9,4.7,15.4,14.6,8.9,5.3,3.7,3.2
815,2015-12-01,4.8,5.1,4.4,15.0,13.7,8.7,5.2,4.0,3.6
816,2016-01-01,5.3,5.5,5.1,17.4,16.0,8.8,5.5,4.4,3.9
817,2016-02-01,5.2,5.5,4.8,18.5,14.0,9.1,5.4,4.1,3.8
818,2016-03-01,5.1,5.3,4.9,18.9,13.7,8.6,5.3,4.0,3.8
819,2016-04-01,4.7,4.8,4.6,19.4,12.0,8.2,4.9,3.8,3.4
820,2016-05-01,4.5,4.6,4.5,19.4,14.5,8.4,4.8,3.3,3.2
821,2016-06-01,5.1,5.0,5.2,22.2,17.3,9.2,5.2,3.6,3.3
822,2016-07-01,5.1,5.0,5.3,17.5,15.6,9.2,5.2,3.6,3.6
823,2016-08-01,5.0,4.7,5.3,16.1,15.0,7.8,5.3,4.1,3.8
824,2016-09-01,4.8,4.8,4.8,14.9,16.4,8.1,5.0,4.0,3.4
825,2016-10-01,4.7,4.7,4.6,18.2,13.4,8.2,5.0,3.7,3.2
826,2016-11-01,4.4,4.6,4.3,16.2,13.7,7.4,4.7,3.4,3.3
827,2016-12-01,4.5,4.8,4.1,15.0,11.5,7.6,4.6,4.0,3.3
828,2017-01-01,5.1,5.4,4.9,15.2,15.5,9.0,5.4,4.4,3.6
829,2017-02-01,4.9,5.3,4.6,17.4,13.5,8.4,5.1,4.5,3.5
830,2017-03-01,4.6,4.9,4.1,17.1,10.8,7.3,4.7,4.1,3.4
831,2017-04-01,4.1,4.1,4.1,17.3,11.1,6.7,4.1,3.4,3.2
832,2017-05-01,4.1,4.0,4.2,13.7,14.6,6.6,4.6,3.1,3.0
833,2017-06-01,4.5,4.4,4.7,17.7,14.9,8.0,4.3,3.2,3.4
834,2017-07-01,4.6,4.3,4.9,17.2,11.4,7.8,4.7,3.6,3.3
835,2017-08-01,4.5,4.3,4.8,14.1,13.2,6.9,5.0,3.4,3.7
836,2017-09-01,4.1,4.0,4.2,11.3,13.7,7.5,4.2,3.1,2.9
837,2017-10-01,3.9,3.9,3.8,13.8,13.2,7.0,4.3,2.9,2.5
838,2017-11-01,3.9,4.0,3.8,17.9,14.2,6.6,4.1,2.9,2.5
839,2017-12-01,3.9,4.2,3.7,12.9,11.3,6.7,4.3,3.0,2.7
840,2018-01-01,4.5,4.8,4.2,14.6,14.5,8.2,4.7,3.5,3.3
841,2018-02-01,4.4,4.6,4.1,15.8,14.0,7.2,4.6,3.4,3.1
842,2018-03-01,4.1,4.4,3.8,15.0,11.5,6.5,4.3,3.4,3.1
843,2018-04-01,3.7,3.9,3.4,14.3,10.3,6.1,4.1,2.8,2.7
844,2018-05-01,3.6,3.7,3.4,15.0,11.8,7.0,3.6,2.6,2.5
845,2018-06-01,4.2,4.1,4.2,17.8,13.2,8.1,3.9,2.9,3.0
846,2018-07-01,4.1,3.8,4.5,14.6,12.8,7.3,3.6,3.1,3.1
847,2018-08-01,3.9,3.7,4.3,12.4,12.3,6.5,4.3,2.9,2.7
848,2018-09-01,3.6,3.5,3.6,11.4,12.9,6.9,3.3,2.8,2.5
849,2018-10-01,3.5,3.5,3.6,9.3,13.0,6.6,3.6,2.8,2.5
850,2018-11-01,3.5,3.4,3.5,12.8,11.4,6.0,3.5,2.7,2.4
851,2018-12-01,3.7,4.0,3.4,12.0,10.4,6.8,3.9,2.8,2.9
852,2019-01-01,4.4,4.7,4.1,14.6,13.3,8.6,4.4,3.3,3.3
853,2019-02-01,4.1,4.4,3.8,17.0,12.5,7.5,4.4,2.9,3.1
854,2019-03-01,3.9,4.3,3.5,12.9,11.8,7.1,4.1,3.0,3.1
855,2019-04-01,3.3,3.6,3.1,14.3,10.6,5.8,3.6,2.5,2.4
856,2019-05-01,3.4,3.4,3.3,14.4,12.0,7.0,3.2,2.4,2.3
857,2019-06-01,3.8,3.7,4.0,18.4,13.1,6.8,3.5,2.7,2.7
858,2019-07-01,4.0,3.7,4.3,17.1,11.2,7.1,3.8,2.9,2.9
859,2019-08-01,3.8,3.5,4.1,11.7,12.3,6.8,3.8,2.8,3.0
860,2019-09-01,3.3,3.3,3.4,10.5,13.1,6.2,3.3,2.5,2.6
861,2019-10-01,3.3,3.3,3.3,12.3,11.3,6.0,3.6,2.5,2.3
862,2019-11-01,3.3,3.3,3.3,12.0,11.4,5.9,3.4,2.6,2.3
863,2019-12-01,3.4,3.5,3.2,11.9,10.4,6.0,3.5,2.8,2.5
864,2020-01-01,4.0,4.2,3.7,11.2,14.1,7.6,4.2,3.1,2.7
865,2020-02-01,3.8,4.1,3.4,9.9,12.3,6.7,4.0,3.0,2.8
866,2020-03-01,4.5,4.8,4.2,16.5,12.2,8.6,4.5,3.6,3.4
867,2020-04-01,14.4,13.3,15.7,30.1,33.3,25.0,14.3,11.3,12.1
868,2020-05-01,13.0,11.9,14.3,31.9,30.1,23.2,13.1,9.8,10.4
869,2020-06-01,11.2,10.5,12.0,27.2,22.9,20.1,11.7,8.9,8.3
870,2020-07-01,10.5,9.7,11.3,19.6,18.8,18.2,11.5,8.2,8.0
871,2020-08-01,8.5,8.0,9.1,13.3,17.4,13.7,9.8,6.5,6.4
872,2020-09-01,7.7,7.3,8.0,14.8,16.8,12.4,8.4,6.1,6.2
873,2020-10-01,6.6,6.6,6.5,11.6,14.0,10.5,7.1,5.6,5.7
874,2020-11-01,6.4,6.6,6.1,13.9,12.8,9.9,6.7,5.4,5.2
875,2020-12-01,6.5,6.7,6.3,11.8,15.3,10.6,6.4,5.5,5.3
876,2021-01-01,6.8,7.1,6.5,15.2,15.9,10.8,7.2,6.1,5.2
877,2021-02-01,6.6,7.0,6.1,14.5,14.0,10.0,6.7,6.0,5.2
878,2021-03-01,6.2,6.5,5.8,12.0,12.7,10.4,7.0,5.4,4.7
879,2021-04-01,5.7,6.0,5.4,10.5,10.9,9.8,6.2,4.7,4.7
880,2021-05-01,5.5,5.7,5.2,9.2,9.7,10.3,5.5,4.7,4.5
881,2021-06-01,6.1,6.1,6.1,15.0,12.3,9.9,6.5,5.2,4.6
882,2021-07-01,5.7,5.5,5.8,12.8,9.9,9.5,6.3,4.8,4.0
883,2021-08-01,5.3,5.1,5.5,10.7,11.0,9.1,5.8,4.4,4.2
884,2021-09-01,4.6,4.6,4.5,9.2,12.6,7.7,5.0,3.8,3.7
885,2021-10-01,4.3,4.2,4.4,8.6,12.7,6.8,4.5,3.6,3.5
886,2021-11-01,3.9,3.9,3.9,9.7,11.0,6.6,3.8,3.6,2.8
